{
  "BLITZ": {
    "type": "quadratic",
    "params": [
      3.58912832896241e-05,
      1.2495384345119194,
      -815.5190643942321
    ]
  },
  "BULLET": {
    "type": "linear",
    "params": [
      1.1949958225380615,
      -665.7855453306267
    ]
  },
  "RAPID": {
    "type": "quadratic",
    "params": [
      -7.605659774623241e-05,
      1.5424481216575934,
      -1025.33134833414
    ]
  },
  "CLASSICAL": {
    "type": "linear",
    "params": [
      2.1361868437922547,
      -2570.281027953305
    ]
  }
}